{"cameraMode":{"drawMode":0,"name":"Shaded","section":"Shading Mode"},"sceneLighting":true,"audioPlay":false,"sceneViewState":{"showFog":true,"showMaterialUpdate":false,"showSkybox":true,"showFlares":true,"showImageEffects":true,"showParticleSystems":true},"in2DMode":false,"pivot":{"x":0.04936981201171875,"y":-0.14779144525527955,"z":3.270176649093628},"rotation":{"x":0.04099837690591812,"y":0.3330759108066559,"z":-0.014497951604425908,"w":0.9418967366218567},"size":3.8880538940429689,"orthographic":true}